Workbook

Sheet Read me
A1: Agentic AI use case scoring sheet
A2: Companion to Part One of the Relevance AI Agentic AI Series - "What makes a use case good for Agentic AI"
A4: HOW TO USE THIS SHEET
A5: 1. Work on the 'Score use cases' tab. Type in the white cells only - every grey cell is a formula.
A6: 2. Answer the five gates in columns D to H with Y or N. Five Y's means the use case is eligible to build.
A7: 3. Score the value inputs (K to N) and the effort inputs (Q to T) from 1 to 5. The 'Scoring guide' tab defines every number.
A8: 4. Columns I to Y fill themselves: gates passed, value index, ease index, quadrant and priority rank.
A9: 5. Bring the sheet to the ideation session. Let the champion and the executive buyer change scores in front of each other - that argument is the point.
A10: 6. 'Worked example' holds ten scored use cases so you can see what good and bad look like before you start.
A12: WEIGHTS AND THRESHOLDS | C12: Yellow cells are yours to change. Every formula on the scoring tabs reads these, so the whole sheet re-ranks the moment you edit one.
A14: Value inputs | B14: Weight
A15: Hours or cost released each year | B15: 3
A16: Volume of the process | B16: 2
A17: Strategic pull from the executive buyer | B17: 2
A18: Quality or risk upside | B18: 1
A19: Total value weight | B19: =SUM(B15:B18) -> 8
A21: Effort inputs | B21: Weight
A22: Process documentation maturity | B22: 3
A23: System access and integration count | B23: 3
A24: Knowledge and data readiness | B24: 2
A25: Owner availability | B25: 1
A26: Total effort weight | B26: =SUM(B22:B25) -> 9
A28: Thresholds | B28: Value
A29: Value index threshold | B29: 50 | C29: A use case must reach this value index to count as high value.
A30: Ease index threshold | B30: 50 | C30: A use case must reach this ease index to count as low effort.
A31: Priority index - weight on value | B31: 0.65 | C31: How much the priority index leans on value rather than ease.
A32: Priority index - weight on ease | B32: 0.35 | C32: The two weights are normalised, so they need not sum to 1.
A34: WHY THE EFFORT SCALE RUNS THE WAY IT DOES
A35: Every effort input is scored so that 5 always means hardest. A process with no documentation scores 5. Nine systems to integrate scores 5. The sheet then flips the total into an ease index, so a high ease index means easy to deliver - which is what puts the good candidates in the top-right of the quadrant.
A37: ASSUMPTIONS AND SOURCES
A38: The weights and thresholds above are a starting point taken from the article, not an empirical finding. They encode one opinion: that documentation maturity and system access drive delivery effort more than anything else, and that released hours or cost drive value more than anything else. Replace them with whatever your own delivery history supports, and re-rank.
A39: The ten rows on 'Worked example' are illustrative figures written for the article. They are not customer data.

Sheet Score use cases
A1: Score use cases
A2: Type in the white cells. Grey cells are formulas - leave them alone. Row 5 is a filled example showing the expected format; overwrite it.
A3: THE USE CASE | D3: THE FIVE GATES - Y / N | K3: VALUE - score 1 to 5 | Q3: EFFORT - score 1 to 5, where 5 is hardest | W3: RESULT
A4: Use case | B4: Team / function | C4: Requested by | D4: 1. High volume | E4: 2. Documented process | F4: 3. Owners in place | G4: 4. System & knowledge context | H4: 5. Measurable impact | I4: Gates passed | J4: Eligible to build? | K4: Hours or cost released | L4: Volume | M4: Strategic pull | N4: Quality or risk upside | O4: Value score | P4: Value index (0-100) | Q4: Process documentation | R4: System access & integrations | S4: Knowledge & data readiness | T4: Owner availability | U4: Effort score | V4: Ease index (0-100) | W4: Quadrant | X4: Priority index (0-100) | Y4: Priority rank
A5: Inbound lead qualification and routing | B5: Sales | C5: Sales ops lead | D5: Y | E5: Y | F5: Y | G5: Y | H5: Y | I5: =IF($A5="","",COUNTIF($D5:$H5,"Y")) -> 5 | J5: =IF($A5="","",IF($I5=5,"Yes - all five gates","No - close "&(5-$I5)&" gap(s) first")) -> Yes - all five gates | K5: 5 | L5: 5 | M5: 4 | N5: 4 | O5: =IF($A5="","",$K5*'Read me'!$B$15+$L5*'Read me'!$B$16+$M5*'Read me'!$B$17+$N5*'Read me'!$B$18) -> 37 | P5: =IF($A5="","",IFERROR(($O5-'Read me'!$B$19)/('Read me'!$B$19*4)*100,"")) -> 90.625 | Q5: 2 | R5: 2 | S5: 2 | T5: 1 | U5: =IF($A5="","",$Q5*'Read me'!$B$22+$R5*'Read me'!$B$23+$S5*'Read me'!$B$24+$T5*'Read me'!$B$25) -> 17 | V5: =IF($A5="","",IFERROR(100-(($U5-'Read me'!$B$26)/('Read me'!$B$26*4)*100),"")) -> 77.777778 | W5: =IF($A5="","",IF(AND($P5>='Read me'!$B$29,$V5>='Read me'!$B$30),"Build first",IF(AND($P5>='Read me'!$B$29,$V5<'Read me'!$B$30),"Sequence later",IF(AND($P5<'Read me'!$B$29,$V5>='Read me'!$B$30),"Fill capacity","Decline")))) -> Build first | X5: =IF($A5="","",IFERROR(($P5*'Read me'!$B$31+$V5*'Read me'!$B$32)/('Read me'!$B$31+'Read me'!$B$32),"")) -> 86.128472 | Y5: =IF($A5="","",SUMPRODUCT(ISNUMBER($X$5:$X$34)*($X$5:$X$34>$X5))+1) -> 1
I6: =IF($A6="","",COUNTIF($D6:$H6,"Y")) | J6: =IF($A6="","",IF($I6=5,"Yes - all five gates","No - close "&(5-$I6)&" gap(s) first")) | O6: =IF($A6="","",$K6*'Read me'!$B$15+$L6*'Read me'!$B$16+$M6*'Read me'!$B$17+$N6*'Read me'!$B$18) | P6: =IF($A6="","",IFERROR(($O6-'Read me'!$B$19)/('Read me'!$B$19*4)*100,"")) | U6: =IF($A6="","",$Q6*'Read me'!$B$22+$R6*'Read me'!$B$23+$S6*'Read me'!$B$24+$T6*'Read me'!$B$25) | V6: =IF($A6="","",IFERROR(100-(($U6-'Read me'!$B$26)/('Read me'!$B$26*4)*100),"")) | W6: =IF($A6="","",IF(AND($P6>='Read me'!$B$29,$V6>='Read me'!$B$30),"Build first",IF(AND($P6>='Read me'!$B$29,$V6<'Read me'!$B$30),"Sequence later",IF(AND($P6<'Read me'!$B$29,$V6>='Read me'!$B$30),"Fill capacity","Decline")))) | X6: =IF($A6="","",IFERROR(($P6*'Read me'!$B$31+$V6*'Read me'!$B$32)/('Read me'!$B$31+'Read me'!$B$32),"")) | Y6: =IF($A6="","",SUMPRODUCT(ISNUMBER($X$5:$X$34)*($X$5:$X$34>$X6))+1)
I7: =IF($A7="","",COUNTIF($D7:$H7,"Y")) | J7: =IF($A7="","",IF($I7=5,"Yes - all five gates","No - close "&(5-$I7)&" gap(s) first")) | O7: =IF($A7="","",$K7*'Read me'!$B$15+$L7*'Read me'!$B$16+$M7*'Read me'!$B$17+$N7*'Read me'!$B$18) | P7: =IF($A7="","",IFERROR(($O7-'Read me'!$B$19)/('Read me'!$B$19*4)*100,"")) | U7: =IF($A7="","",$Q7*'Read me'!$B$22+$R7*'Read me'!$B$23+$S7*'Read me'!$B$24+$T7*'Read me'!$B$25) | V7: =IF($A7="","",IFERROR(100-(($U7-'Read me'!$B$26)/('Read me'!$B$26*4)*100),"")) | W7: =IF($A7="","",IF(AND($P7>='Read me'!$B$29,$V7>='Read me'!$B$30),"Build first",IF(AND($P7>='Read me'!$B$29,$V7<'Read me'!$B$30),"Sequence later",IF(AND($P7<'Read me'!$B$29,$V7>='Read me'!$B$30),"Fill capacity","Decline")))) | X7: =IF($A7="","",IFERROR(($P7*'Read me'!$B$31+$V7*'Read me'!$B$32)/('Read me'!$B$31+'Read me'!$B$32),"")) | Y7: =IF($A7="","",SUMPRODUCT(ISNUMBER($X$5:$X$34)*($X$5:$X$34>$X7))+1)
I8: =IF($A8="","",COUNTIF($D8:$H8,"Y")) | J8: =IF($A8="","",IF($I8=5,"Yes - all five gates","No - close "&(5-$I8)&" gap(s) first")) | O8: =IF($A8="","",$K8*'Read me'!$B$15+$L8*'Read me'!$B$16+$M8*'Read me'!$B$17+$N8*'Read me'!$B$18) | P8: =IF($A8="","",IFERROR(($O8-'Read me'!$B$19)/('Read me'!$B$19*4)*100,"")) | U8: =IF($A8="","",$Q8*'Read me'!$B$22+$R8*'Read me'!$B$23+$S8*'Read me'!$B$24+$T8*'Read me'!$B$25) | V8: =IF($A8="","",IFERROR(100-(($U8-'Read me'!$B$26)/('Read me'!$B$26*4)*100),"")) | W8: =IF($A8="","",IF(AND($P8>='Read me'!$B$29,$V8>='Read me'!$B$30),"Build first",IF(AND($P8>='Read me'!$B$29,$V8<'Read me'!$B$30),"Sequence later",IF(AND($P8<'Read me'!$B$29,$V8>='Read me'!$B$30),"Fill capacity","Decline")))) | X8: =IF($A8="","",IFERROR(($P8*'Read me'!$B$31+$V8*'Read me'!$B$32)/('Read me'!$B$31+'Read me'!$B$32),"")) | Y8: =IF($A8="","",SUMPRODUCT(ISNUMBER($X$5:$X$34)*($X$5:$X$34>$X8))+1)
I9: =IF($A9="","",COUNTIF($D9:$H9,"Y")) | J9: =IF($A9="","",IF($I9=5,"Yes - all five gates","No - close "&(5-$I9)&" gap(s) first")) | O9: =IF($A9="","",$K9*'Read me'!$B$15+$L9*'Read me'!$B$16+$M9*'Read me'!$B$17+$N9*'Read me'!$B$18) | P9: =IF($A9="","",IFERROR(($O9-'Read me'!$B$19)/('Read me'!$B$19*4)*100,"")) | U9: =IF($A9="","",$Q9*'Read me'!$B$22+$R9*'Read me'!$B$23+$S9*'Read me'!$B$24+$T9*'Read me'!$B$25) | V9: =IF($A9="","",IFERROR(100-(($U9-'Read me'!$B$26)/('Read me'!$B$26*4)*100),"")) | W9: =IF($A9="","",IF(AND($P9>='Read me'!$B$29,$V9>='Read me'!$B$30),"Build first",IF(AND($P9>='Read me'!$B$29,$V9<'Read me'!$B$30),"Sequence later",IF(AND($P9<'Read me'!$B$29,$V9>='Read me'!$B$30),"Fill capacity","Decline")))) | X9: =IF($A9="","",IFERROR(($P9*'Read me'!$B$31+$V9*'Read me'!$B$32)/('Read me'!$B$31+'Read me'!$B$32),"")) | Y9: =IF($A9="","",SUMPRODUCT(ISNUMBER($X$5:$X$34)*($X$5:$X$34>$X9))+1)
I10: =IF($A10="","",COUNTIF($D10:$H10,"Y")) | J10: =IF($A10="","",IF($I10=5,"Yes - all five gates","No - close "&(5-$I10)&" gap(s) first")) | O10: =IF($A10="","",$K10*'Read me'!$B$15+$L10*'Read me'!$B$16+$M10*'Read me'!$B$17+$N10*'Read me'!$B$18) | P10: =IF($A10="","",IFERROR(($O10-'Read me'!$B$19)/('Read me'!$B$19*4)*100,"")) | U10: =IF($A10="","",$Q10*'Read me'!$B$22+$R10*'Read me'!$B$23+$S10*'Read me'!$B$24+$T10*'Read me'!$B$25) | V10: =IF($A10="","",IFERROR(100-(($U10-'Read me'!$B$26)/('Read me'!$B$26*4)*100),"")) | W10: =IF($A10="","",IF(AND($P10>='Read me'!$B$29,$V10>='Read me'!$B$30),"Build first",IF(AND($P10>='Read me'!$B$29,$V10<'Read me'!$B$30),"Sequence later",IF(AND($P10<'Read me'!$B$29,$V10>='Read me'!$B$30),"Fill capacity","Decline")))) | X10: =IF($A10="","",IFERROR(($P10*'Read me'!$B$31+$V10*'Read me'!$B$32)/('Read me'!$B$31+'Read me'!$B$32),"")) | Y10: =IF($A10="","",SUMPRODUCT(ISNUMBER($X$5:$X$34)*($X$5:$X$34>$X10))+1)
I11: =IF($A11="","",COUNTIF($D11:$H11,"Y")) | J11: =IF($A11="","",IF($I11=5,"Yes - all five gates","No - close "&(5-$I11)&" gap(s) first")) | O11: =IF($A11="","",$K11*'Read me'!$B$15+$L11*'Read me'!$B$16+$M11*'Read me'!$B$17+$N11*'Read me'!$B$18) | P11: =IF($A11="","",IFERROR(($O11-'Read me'!$B$19)/('Read me'!$B$19*4)*100,"")) | U11: =IF($A11="","",$Q11*'Read me'!$B$22+$R11*'Read me'!$B$23+$S11*'Read me'!$B$24+$T11*'Read me'!$B$25) | V11: =IF($A11="","",IFERROR(100-(($U11-'Read me'!$B$26)/('Read me'!$B$26*4)*100),"")) | W11: =IF($A11="","",IF(AND($P11>='Read me'!$B$29,$V11>='Read me'!$B$30),"Build first",IF(AND($P11>='Read me'!$B$29,$V11<'Read me'!$B$30),"Sequence later",IF(AND($P11<'Read me'!$B$29,$V11>='Read me'!$B$30),"Fill capacity","Decline")))) | X11: =IF($A11="","",IFERROR(($P11*'Read me'!$B$31+$V11*'Read me'!$B$32)/('Read me'!$B$31+'Read me'!$B$32),"")) | Y11: =IF($A11="","",SUMPRODUCT(ISNUMBER($X$5:$X$34)*($X$5:$X$34>$X11))+1)
I12: =IF($A12="","",COUNTIF($D12:$H12,"Y")) | J12: =IF($A12="","",IF($I12=5,"Yes - all five gates","No - close "&(5-$I12)&" gap(s) first")) | O12: =IF($A12="","",$K12*'Read me'!$B$15+$L12*'Read me'!$B$16+$M12*'Read me'!$B$17+$N12*'Read me'!$B$18) | P12: =IF($A12="","",IFERROR(($O12-'Read me'!$B$19)/('Read me'!$B$19*4)*100,"")) | U12: =IF($A12="","",$Q12*'Read me'!$B$22+$R12*'Read me'!$B$23+$S12*'Read me'!$B$24+$T12*'Read me'!$B$25) | V12: =IF($A12="","",IFERROR(100-(($U12-'Read me'!$B$26)/('Read me'!$B$26*4)*100),"")) | W12: =IF($A12="","",IF(AND($P12>='Read me'!$B$29,$V12>='Read me'!$B$30),"Build first",IF(AND($P12>='Read me'!$B$29,$V12<'Read me'!$B$30),"Sequence later",IF(AND($P12<'Read me'!$B$29,$V12>='Read me'!$B$30),"Fill capacity","Decline")))) | X12: =IF($A12="","",IFERROR(($P12*'Read me'!$B$31+$V12*'Read me'!$B$32)/('Read me'!$B$31+'Read me'!$B$32),"")) | Y12: =IF($A12="","",SUMPRODUCT(ISNUMBER($X$5:$X$34)*($X$5:$X$34>$X12))+1)
I13: =IF($A13="","",COUNTIF($D13:$H13,"Y")) | J13: =IF($A13="","",IF($I13=5,"Yes - all five gates","No - close "&(5-$I13)&" gap(s) first")) | O13: =IF($A13="","",$K13*'Read me'!$B$15+$L13*'Read me'!$B$16+$M13*'Read me'!$B$17+$N13*'Read me'!$B$18) | P13: =IF($A13="","",IFERROR(($O13-'Read me'!$B$19)/('Read me'!$B$19*4)*100,"")) | U13: =IF($A13="","",$Q13*'Read me'!$B$22+$R13*'Read me'!$B$23+$S13*'Read me'!$B$24+$T13*'Read me'!$B$25) | V13: =IF($A13="","",IFERROR(100-(($U13-'Read me'!$B$26)/('Read me'!$B$26*4)*100),"")) | W13: =IF($A13="","",IF(AND($P13>='Read me'!$B$29,$V13>='Read me'!$B$30),"Build first",IF(AND($P13>='Read me'!$B$29,$V13<'Read me'!$B$30),"Sequence later",IF(AND($P13<'Read me'!$B$29,$V13>='Read me'!$B$30),"Fill capacity","Decline")))) | X13: =IF($A13="","",IFERROR(($P13*'Read me'!$B$31+$V13*'Read me'!$B$32)/('Read me'!$B$31+'Read me'!$B$32),"")) | Y13: =IF($A13="","",SUMPRODUCT(ISNUMBER($X$5:$X$34)*($X$5:$X$34>$X13))+1)
I14: =IF($A14="","",COUNTIF($D14:$H14,"Y")) | J14: =IF($A14="","",IF($I14=5,"Yes - all five gates","No - close "&(5-$I14)&" gap(s) first")) | O14: =IF($A14="","",$K14*'Read me'!$B$15+$L14*'Read me'!$B$16+$M14*'Read me'!$B$17+$N14*'Read me'!$B$18) | P14: =IF($A14="","",IFERROR(($O14-'Read me'!$B$19)/('Read me'!$B$19*4)*100,"")) | U14: =IF($A14="","",$Q14*'Read me'!$B$22+$R14*'Read me'!$B$23+$S14*'Read me'!$B$24+$T14*'Read me'!$B$25) | V14: =IF($A14="","",IFERROR(100-(($U14-'Read me'!$B$26)/('Read me'!$B$26*4)*100),"")) | W14: =IF($A14="","",IF(AND($P14>='Read me'!$B$29,$V14>='Read me'!$B$30),"Build first",IF(AND($P14>='Read me'!$B$29,$V14<'Read me'!$B$30),"Sequence later",IF(AND($P14<'Read me'!$B$29,$V14>='Read me'!$B$30),"Fill capacity","Decline")))) | X14: =IF($A14="","",IFERROR(($P14*'Read me'!$B$31+$V14*'Read me'!$B$32)/('Read me'!$B$31+'Read me'!$B$32),"")) | Y14: =IF($A14="","",SUMPRODUCT(ISNUMBER($X$5:$X$34)*($X$5:$X$34>$X14))+1)
I15: =IF($A15="","",COUNTIF($D15:$H15,"Y")) | J15: =IF($A15="","",IF($I15=5,"Yes - all five gates","No - close "&(5-$I15)&" gap(s) first")) | O15: =IF($A15="","",$K15*'Read me'!$B$15+$L15*'Read me'!$B$16+$M15*'Read me'!$B$17+$N15*'Read me'!$B$18) | P15: =IF($A15="","",IFERROR(($O15-'Read me'!$B$19)/('Read me'!$B$19*4)*100,"")) | U15: =IF($A15="","",$Q15*'Read me'!$B$22+$R15*'Read me'!$B$23+$S15*'Read me'!$B$24+$T15*'Read me'!$B$25) | V15: =IF($A15="","",IFERROR(100-(($U15-'Read me'!$B$26)/('Read me'!$B$26*4)*100),"")) | W15: =IF($A15="","",IF(AND($P15>='Read me'!$B$29,$V15>='Read me'!$B$30),"Build first",IF(AND($P15>='Read me'!$B$29,$V15<'Read me'!$B$30),"Sequence later",IF(AND($P15<'Read me'!$B$29,$V15>='Read me'!$B$30),"Fill capacity","Decline")))) | X15: =IF($A15="","",IFERROR(($P15*'Read me'!$B$31+$V15*'Read me'!$B$32)/('Read me'!$B$31+'Read me'!$B$32),"")) | Y15: =IF($A15="","",SUMPRODUCT(ISNUMBER($X$5:$X$34)*($X$5:$X$34>$X15))+1)
I16: =IF($A16="","",COUNTIF($D16:$H16,"Y")) | J16: =IF($A16="","",IF($I16=5,"Yes - all five gates","No - close "&(5-$I16)&" gap(s) first")) | O16: =IF($A16="","",$K16*'Read me'!$B$15+$L16*'Read me'!$B$16+$M16*'Read me'!$B$17+$N16*'Read me'!$B$18) | P16: =IF($A16="","",IFERROR(($O16-'Read me'!$B$19)/('Read me'!$B$19*4)*100,"")) | U16: =IF($A16="","",$Q16*'Read me'!$B$22+$R16*'Read me'!$B$23+$S16*'Read me'!$B$24+$T16*'Read me'!$B$25) | V16: =IF($A16="","",IFERROR(100-(($U16-'Read me'!$B$26)/('Read me'!$B$26*4)*100),"")) | W16: =IF($A16="","",IF(AND($P16>='Read me'!$B$29,$V16>='Read me'!$B$30),"Build first",IF(AND($P16>='Read me'!$B$29,$V16<'Read me'!$B$30),"Sequence later",IF(AND($P16<'Read me'!$B$29,$V16>='Read me'!$B$30),"Fill capacity","Decline")))) | X16: =IF($A16="","",IFERROR(($P16*'Read me'!$B$31+$V16*'Read me'!$B$32)/('Read me'!$B$31+'Read me'!$B$32),"")) | Y16: =IF($A16="","",SUMPRODUCT(ISNUMBER($X$5:$X$34)*($X$5:$X$34>$X16))+1)
I17: =IF($A17="","",COUNTIF($D17:$H17,"Y")) | J17: =IF($A17="","",IF($I17=5,"Yes - all five gates","No - close "&(5-$I17)&" gap(s) first")) | O17: =IF($A17="","",$K17*'Read me'!$B$15+$L17*'Read me'!$B$16+$M17*'Read me'!$B$17+$N17*'Read me'!$B$18) | P17: =IF($A17="","",IFERROR(($O17-'Read me'!$B$19)/('Read me'!$B$19*4)*100,"")) | U17: =IF($A17="","",$Q17*'Read me'!$B$22+$R17*'Read me'!$B$23+$S17*'Read me'!$B$24+$T17*'Read me'!$B$25) | V17: =IF($A17="","",IFERROR(100-(($U17-'Read me'!$B$26)/('Read me'!$B$26*4)*100),"")) | W17: =IF($A17="","",IF(AND($P17>='Read me'!$B$29,$V17>='Read me'!$B$30),"Build first",IF(AND($P17>='Read me'!$B$29,$V17<'Read me'!$B$30),"Sequence later",IF(AND($P17<'Read me'!$B$29,$V17>='Read me'!$B$30),"Fill capacity","Decline")))) | X17: =IF($A17="","",IFERROR(($P17*'Read me'!$B$31+$V17*'Read me'!$B$32)/('Read me'!$B$31+'Read me'!$B$32),"")) | Y17: =IF($A17="","",SUMPRODUCT(ISNUMBER($X$5:$X$34)*($X$5:$X$34>$X17))+1)
... I34: =IF($A34="","",COUNTIF($D34:$H34,"Y")) | J34: =IF($A34="","",IF($I34=5,"Yes - all five gates","No - close "&(5-$I34)&" gap(s) first")) | O34: =IF($A34="","",$K34*'Read me'!$B$15+$L34*'Read me'!$B$16+$M34*'Read me'!$B$17+$N34*'Read me'!$B$18) | P34: =IF($A34="","",IFERROR(($O34-'Read me'!$B$19)/('Read me'!$B$19*4)*100,"")) | U34: =IF($A34="","",$Q34*'Read me'!$B$22+$R34*'Read me'!$B$23+$S34*'Read me'!$B$24+$T34*'Read me'!$B$25) | V34: =IF($A34="","",IFERROR(100-(($U34-'Read me'!$B$26)/('Read me'!$B$26*4)*100),"")) | W34: =IF($A34="","",IF(AND($P34>='Read me'!$B$29,$V34>='Read me'!$B$30),"Build first",IF(AND($P34>='Read me'!$B$29,$V34<'Read me'!$B$30),"Sequence later",IF(AND($P34<'Read me'!$B$29,$V34>='Read me'!$B$30),"Fill capacity","Decline")))) | X34: =IF($A34="","",IFERROR(($P34*'Read me'!$B$31+$V34*'Read me'!$B$32)/('Read me'!$B$31+'Read me'!$B$32),"")) | Y34: =IF($A34="","",SUMPRODUCT(ISNUMBER($X$5:$X$34)*($X$5:$X$34>$X34))+1)

Sheet Worked example
A1: Worked example
A2: Ten use cases scored with the same formulas. Four are build-first, three need sequencing, two are capacity fillers and one should be declined. Illustrative figures, not customer data.
A3: THE USE CASE | D3: THE FIVE GATES - Y / N | K3: VALUE - score 1 to 5 | Q3: EFFORT - score 1 to 5, where 5 is hardest | W3: RESULT
A4: Use case | B4: Team / function | C4: Requested by | D4: 1. High volume | E4: 2. Documented process | F4: 3. Owners in place | G4: 4. System & knowledge context | H4: 5. Measurable impact | I4: Gates passed | J4: Eligible to build? | K4: Hours or cost released | L4: Volume | M4: Strategic pull | N4: Quality or risk upside | O4: Value score | P4: Value index (0-100) | Q4: Process documentation | R4: System access & integrations | S4: Knowledge & data readiness | T4: Owner availability | U4: Effort score | V4: Ease index (0-100) | W4: Quadrant | X4: Priority index (0-100) | Y4: Priority rank
A5: Inbound lead qualification and routing | B5: Sales | C5: Sales ops lead | D5: Y | E5: Y | F5: Y | G5: Y | H5: Y | I5: =IF($A5="","",COUNTIF($D5:$H5,"Y")) -> 5 | J5: =IF($A5="","",IF($I5=5,"Yes - all five gates","No - close "&(5-$I5)&" gap(s) first")) -> Yes - all five gates | K5: 5 | L5: 5 | M5: 4 | N5: 4 | O5: =IF($A5="","",$K5*'Read me'!$B$15+$L5*'Read me'!$B$16+$M5*'Read me'!$B$17+$N5*'Read me'!$B$18) -> 37 | P5: =IF($A5="","",IFERROR(($O5-'Read me'!$B$19)/('Read me'!$B$19*4)*100,"")) -> 90.625 | Q5: 2 | R5: 2 | S5: 2 | T5: 1 | U5: =IF($A5="","",$Q5*'Read me'!$B$22+$R5*'Read me'!$B$23+$S5*'Read me'!$B$24+$T5*'Read me'!$B$25) -> 17 | V5: =IF($A5="","",IFERROR(100-(($U5-'Read me'!$B$26)/('Read me'!$B$26*4)*100),"")) -> 77.777778 | W5: =IF($A5="","",IF(AND($P5>='Read me'!$B$29,$V5>='Read me'!$B$30),"Build first",IF(AND($P5>='Read me'!$B$29,$V5<'Read me'!$B$30),"Sequence later",IF(AND($P5<'Read me'!$B$29,$V5>='Read me'!$B$30),"Fill capacity","Decline")))) -> Build first | X5: =IF($A5="","",IFERROR(($P5*'Read me'!$B$31+$V5*'Read me'!$B$32)/('Read me'!$B$31+'Read me'!$B$32),"")) -> 86.128472 | Y5: =IF($A5="","",SUMPRODUCT(ISNUMBER($X$5:$X$14)*($X$5:$X$14>$X5))+1) -> 1
A6: Support ticket triage, tagging and routing | B6: Support | C6: Head of support | D6: Y | E6: Y | F6: Y | G6: Y | H6: Y | I6: =IF($A6="","",COUNTIF($D6:$H6,"Y")) -> 5 | J6: =IF($A6="","",IF($I6=5,"Yes - all five gates","No - close "&(5-$I6)&" gap(s) first")) -> Yes - all five gates | K6: 5 | L6: 5 | M6: 3 | N6: 4 | O6: =IF($A6="","",$K6*'Read me'!$B$15+$L6*'Read me'!$B$16+$M6*'Read me'!$B$17+$N6*'Read me'!$B$18) -> 35 | P6: =IF($A6="","",IFERROR(($O6-'Read me'!$B$19)/('Read me'!$B$19*4)*100,"")) -> 84.375 | Q6: 2 | R6: 2 | S6: 2 | T6: 2 | U6: =IF($A6="","",$Q6*'Read me'!$B$22+$R6*'Read me'!$B$23+$S6*'Read me'!$B$24+$T6*'Read me'!$B$25) -> 18 | V6: =IF($A6="","",IFERROR(100-(($U6-'Read me'!$B$26)/('Read me'!$B$26*4)*100),"")) -> 75 | W6: =IF($A6="","",IF(AND($P6>='Read me'!$B$29,$V6>='Read me'!$B$30),"Build first",IF(AND($P6>='Read me'!$B$29,$V6<'Read me'!$B$30),"Sequence later",IF(AND($P6<'Read me'!$B$29,$V6>='Read me'!$B$30),"Fill capacity","Decline")))) -> Build first | X6: =IF($A6="","",IFERROR(($P6*'Read me'!$B$31+$V6*'Read me'!$B$32)/('Read me'!$B$31+'Read me'!$B$32),"")) -> 81.09375 | Y6: =IF($A6="","",SUMPRODUCT(ISNUMBER($X$5:$X$14)*($X$5:$X$14>$X6))+1) -> 2
A7: First-draft RFP and security questionnaire answers | B7: Sales / Security | C7: Deal desk | D7: Y | E7: Y | F7: Y | G7: Y | H7: Y | I7: =IF($A7="","",COUNTIF($D7:$H7,"Y")) -> 5 | J7: =IF($A7="","",IF($I7=5,"Yes - all five gates","No - close "&(5-$I7)&" gap(s) first")) -> Yes - all five gates | K7: 4 | L7: 3 | M7: 4 | N7: 4 | O7: =IF($A7="","",$K7*'Read me'!$B$15+$L7*'Read me'!$B$16+$M7*'Read me'!$B$17+$N7*'Read me'!$B$18) -> 30 | P7: =IF($A7="","",IFERROR(($O7-'Read me'!$B$19)/('Read me'!$B$19*4)*100,"")) -> 68.75 | Q7: 3 | R7: 2 | S7: 3 | T7: 2 | U7: =IF($A7="","",$Q7*'Read me'!$B$22+$R7*'Read me'!$B$23+$S7*'Read me'!$B$24+$T7*'Read me'!$B$25) -> 23 | V7: =IF($A7="","",IFERROR(100-(($U7-'Read me'!$B$26)/('Read me'!$B$26*4)*100),"")) -> 61.111111 | W7: =IF($A7="","",IF(AND($P7>='Read me'!$B$29,$V7>='Read me'!$B$30),"Build first",IF(AND($P7>='Read me'!$B$29,$V7<'Read me'!$B$30),"Sequence later",IF(AND($P7<'Read me'!$B$29,$V7>='Read me'!$B$30),"Fill capacity","Decline")))) -> Build first | X7: =IF($A7="","",IFERROR(($P7*'Read me'!$B$31+$V7*'Read me'!$B$32)/('Read me'!$B$31+'Read me'!$B$32),"")) -> 66.076389 | Y7: =IF($A7="","",SUMPRODUCT(ISNUMBER($X$5:$X$14)*($X$5:$X$14>$X7))+1) -> 3
A8: Renewal risk brief before every CS review | B8: Customer success | C8: CS director | D8: Y | E8: Y | F8: Y | G8: Y | H8: Y | I8: =IF($A8="","",COUNTIF($D8:$H8,"Y")) -> 5 | J8: =IF($A8="","",IF($I8=5,"Yes - all five gates","No - close "&(5-$I8)&" gap(s) first")) -> Yes - all five gates | K8: 4 | L8: 4 | M8: 3 | N8: 3 | O8: =IF($A8="","",$K8*'Read me'!$B$15+$L8*'Read me'!$B$16+$M8*'Read me'!$B$17+$N8*'Read me'!$B$18) -> 29 | P8: =IF($A8="","",IFERROR(($O8-'Read me'!$B$19)/('Read me'!$B$19*4)*100,"")) -> 65.625 | Q8: 3 | R8: 3 | S8: 2 | T8: 2 | U8: =IF($A8="","",$Q8*'Read me'!$B$22+$R8*'Read me'!$B$23+$S8*'Read me'!$B$24+$T8*'Read me'!$B$25) -> 24 | V8: =IF($A8="","",IFERROR(100-(($U8-'Read me'!$B$26)/('Read me'!$B$26*4)*100),"")) -> 58.333333 | W8: =IF($A8="","",IF(AND($P8>='Read me'!$B$29,$V8>='Read me'!$B$30),"Build first",IF(AND($P8>='Read me'!$B$29,$V8<'Read me'!$B$30),"Sequence later",IF(AND($P8<'Read me'!$B$29,$V8>='Read me'!$B$30),"Fill capacity","Decline")))) -> Build first | X8: =IF($A8="","",IFERROR(($P8*'Read me'!$B$31+$V8*'Read me'!$B$32)/('Read me'!$B$31+'Read me'!$B$32),"")) -> 63.072917 | Y8: =IF($A8="","",SUMPRODUCT(ISNUMBER($X$5:$X$14)*($X$5:$X$14>$X8))+1) -> 4
A9: Weekly competitive digest for the marketing team | B9: Marketing | C9: Product marketing | D9: Y | E9: Y | F9: Y | G9: Y | H9: N | I9: =IF($A9="","",COUNTIF($D9:$H9,"Y")) -> 4 | J9: =IF($A9="","",IF($I9=5,"Yes - all five gates","No - close "&(5-$I9)&" gap(s) first")) -> No - close 1 gap(s) first | K9: 2 | L9: 3 | M9: 2 | N9: 2 | O9: =IF($A9="","",$K9*'Read me'!$B$15+$L9*'Read me'!$B$16+$M9*'Read me'!$B$17+$N9*'Read me'!$B$18) -> 18 | P9: =IF($A9="","",IFERROR(($O9-'Read me'!$B$19)/('Read me'!$B$19*4)*100,"")) -> 31.25 | Q9: 2 | R9: 2 | S9: 2 | T9: 2 | U9: =IF($A9="","",$Q9*'Read me'!$B$22+$R9*'Read me'!$B$23+$S9*'Read me'!$B$24+$T9*'Read me'!$B$25) -> 18 | V9: =IF($A9="","",IFERROR(100-(($U9-'Read me'!$B$26)/('Read me'!$B$26*4)*100),"")) -> 75 | W9: =IF($A9="","",IF(AND($P9>='Read me'!$B$29,$V9>='Read me'!$B$30),"Build first",IF(AND($P9>='Read me'!$B$29,$V9<'Read me'!$B$30),"Sequence later",IF(AND($P9<'Read me'!$B$29,$V9>='Read me'!$B$30),"Fill capacity","Decline")))) -> Fill capacity | X9: =IF($A9="","",IFERROR(($P9*'Read me'!$B$31+$V9*'Read me'!$B$32)/('Read me'!$B$31+'Read me'!$B$32),"")) -> 46.5625 | Y9: =IF($A9="","",SUMPRODUCT(ISNUMBER($X$5:$X$14)*($X$5:$X$14>$X9))+1) -> 9
A10: Invoice exception handling | B10: Finance | C10: Financial controller | D10: Y | E10: Y | F10: Y | G10: Y | H10: Y | I10: =IF($A10="","",COUNTIF($D10:$H10,"Y")) -> 5 | J10: =IF($A10="","",IF($I10=5,"Yes - all five gates","No - close "&(5-$I10)&" gap(s) first")) -> Yes - all five gates | K10: 4 | L10: 4 | M10: 3 | N10: 4 | O10: =IF($A10="","",$K10*'Read me'!$B$15+$L10*'Read me'!$B$16+$M10*'Read me'!$B$17+$N10*'Read me'!$B$18) -> 30 | P10: =IF($A10="","",IFERROR(($O10-'Read me'!$B$19)/('Read me'!$B$19*4)*100,"")) -> 68.75 | Q10: 4 | R10: 4 | S10: 3 | T10: 2 | U10: =IF($A10="","",$Q10*'Read me'!$B$22+$R10*'Read me'!$B$23+$S10*'Read me'!$B$24+$T10*'Read me'!$B$25) -> 32 | V10: =IF($A10="","",IFERROR(100-(($U10-'Read me'!$B$26)/('Read me'!$B$26*4)*100),"")) -> 36.111111 | W10: =IF($A10="","",IF(AND($P10>='Read me'!$B$29,$V10>='Read me'!$B$30),"Build first",IF(AND($P10>='Read me'!$B$29,$V10<'Read me'!$B$30),"Sequence later",IF(AND($P10<'Read me'!$B$29,$V10>='Read me'!$B$30),"Fill capacity","Decline")))) -> Sequence later | X10: =IF($A10="","",IFERROR(($P10*'Read me'!$B$31+$V10*'Read me'!$B$32)/('Read me'!$B$31+'Read me'!$B$32),"")) -> 57.326389 | Y10: =IF($A10="","",SUMPRODUCT(ISNUMBER($X$5:$X$14)*($X$5:$X$14>$X10))+1) -> 5
A11: End-to-end contract negotiation | B11: Legal | C11: General counsel | D11: Y | E11: N | F11: Y | G11: N | H11: Y | I11: =IF($A11="","",COUNTIF($D11:$H11,"Y")) -> 3 | J11: =IF($A11="","",IF($I11=5,"Yes - all five gates","No - close "&(5-$I11)&" gap(s) first")) -> No - close 2 gap(s) first | K11: 5 | L11: 2 | M11: 5 | N11: 3 | O11: =IF($A11="","",$K11*'Read me'!$B$15+$L11*'Read me'!$B$16+$M11*'Read me'!$B$17+$N11*'Read me'!$B$18) -> 32 | P11: =IF($A11="","",IFERROR(($O11-'Read me'!$B$19)/('Read me'!$B$19*4)*100,"")) -> 75 | Q11: 5 | R11: 5 | S11: 5 | T11: 4 | U11: =IF($A11="","",$Q11*'Read me'!$B$22+$R11*'Read me'!$B$23+$S11*'Read me'!$B$24+$T11*'Read me'!$B$25) -> 44 | V11: =IF($A11="","",IFERROR(100-(($U11-'Read me'!$B$26)/('Read me'!$B$26*4)*100),"")) -> 2.7777778 | W11: =IF($A11="","",IF(AND($P11>='Read me'!$B$29,$V11>='Read me'!$B$30),"Build first",IF(AND($P11>='Read me'!$B$29,$V11<'Read me'!$B$30),"Sequence later",IF(AND($P11<'Read me'!$B$29,$V11>='Read me'!$B$30),"Fill capacity","Decline")))) -> Sequence later | X11: =IF($A11="","",IFERROR(($P11*'Read me'!$B$31+$V11*'Read me'!$B$32)/('Read me'!$B$31+'Read me'!$B$32),"")) -> 49.722222 | Y11: =IF($A11="","",SUMPRODUCT(ISNUMBER($X$5:$X$14)*($X$5:$X$14>$X11))+1) -> 7
A12: Autonomous month-end financial close | B12: Finance | C12: CFO | D12: Y | E12: Y | F12: Y | G12: N | H12: Y | I12: =IF($A12="","",COUNTIF($D12:$H12,"Y")) -> 4 | J12: =IF($A12="","",IF($I12=5,"Yes - all five gates","No - close "&(5-$I12)&" gap(s) first")) -> No - close 1 gap(s) first | K12: 5 | L12: 2 | M12: 4 | N12: 4 | O12: =IF($A12="","",$K12*'Read me'!$B$15+$L12*'Read me'!$B$16+$M12*'Read me'!$B$17+$N12*'Read me'!$B$18) -> 31 | P12: =IF($A12="","",IFERROR(($O12-'Read me'!$B$19)/('Read me'!$B$19*4)*100,"")) -> 71.875 | Q12: 5 | R12: 5 | S12: 4 | T12: 3 | U12: =IF($A12="","",$Q12*'Read me'!$B$22+$R12*'Read me'!$B$23+$S12*'Read me'!$B$24+$T12*'Read me'!$B$25) -> 41 | V12: =IF($A12="","",IFERROR(100-(($U12-'Read me'!$B$26)/('Read me'!$B$26*4)*100),"")) -> 11.111111 | W12: =IF($A12="","",IF(AND($P12>='Read me'!$B$29,$V12>='Read me'!$B$30),"Build first",IF(AND($P12>='Read me'!$B$29,$V12<'Read me'!$B$30),"Sequence later",IF(AND($P12<'Read me'!$B$29,$V12>='Read me'!$B$30),"Fill capacity","Decline")))) -> Sequence later | X12: =IF($A12="","",IFERROR(($P12*'Read me'!$B$31+$V12*'Read me'!$B$32)/('Read me'!$B$31+'Read me'!$B$32),"")) -> 50.607639 | Y12: =IF($A12="","",SUMPRODUCT(ISNUMBER($X$5:$X$14)*($X$5:$X$14>$X12))+1) -> 6
A13: Tidying up meeting notes | B13: Everyone | C13: Chief of staff | D13: Y | E13: Y | F13: N | G13: Y | H13: N | I13: =IF($A13="","",COUNTIF($D13:$H13,"Y")) -> 3 | J13: =IF($A13="","",IF($I13=5,"Yes - all five gates","No - close "&(5-$I13)&" gap(s) first")) -> No - close 2 gap(s) first | K13: 1 | L13: 4 | M13: 1 | N13: 1 | O13: =IF($A13="","",$K13*'Read me'!$B$15+$L13*'Read me'!$B$16+$M13*'Read me'!$B$17+$N13*'Read me'!$B$18) -> 14 | P13: =IF($A13="","",IFERROR(($O13-'Read me'!$B$19)/('Read me'!$B$19*4)*100,"")) -> 18.75 | Q13: 1 | R13: 1 | S13: 1 | T13: 1 | U13: =IF($A13="","",$Q13*'Read me'!$B$22+$R13*'Read me'!$B$23+$S13*'Read me'!$B$24+$T13*'Read me'!$B$25) -> 9 | V13: =IF($A13="","",IFERROR(100-(($U13-'Read me'!$B$26)/('Read me'!$B$26*4)*100),"")) -> 100 | W13: =IF($A13="","",IF(AND($P13>='Read me'!$B$29,$V13>='Read me'!$B$30),"Build first",IF(AND($P13>='Read me'!$B$29,$V13<'Read me'!$B$30),"Sequence later",IF(AND($P13<'Read me'!$B$29,$V13>='Read me'!$B$30),"Fill capacity","Decline")))) -> Fill capacity | X13: =IF($A13="","",IFERROR(($P13*'Read me'!$B$31+$V13*'Read me'!$B$32)/('Read me'!$B$31+'Read me'!$B$32),"")) -> 47.1875 | Y13: =IF($A13="","",SUMPRODUCT(ISNUMBER($X$5:$X$14)*($X$5:$X$14>$X13))+1) -> 8
A14: Make our strategy process AI-powered | B14: Executive | C14: CEO | D14: N | E14: N | F14: Y | G14: N | H14: N | I14: =IF($A14="","",COUNTIF($D14:$H14,"Y")) -> 1 | J14: =IF($A14="","",IF($I14=5,"Yes - all five gates","No - close "&(5-$I14)&" gap(s) first")) -> No - close 4 gap(s) first | K14: 2 | L14: 1 | M14: 5 | N14: 2 | O14: =IF($A14="","",$K14*'Read me'!$B$15+$L14*'Read me'!$B$16+$M14*'Read me'!$B$17+$N14*'Read me'!$B$18) -> 20 | P14: =IF($A14="","",IFERROR(($O14-'Read me'!$B$19)/('Read me'!$B$19*4)*100,"")) -> 37.5 | Q14: 5 | R14: 5 | S14: 5 | T14: 3 | U14: =IF($A14="","",$Q14*'Read me'!$B$22+$R14*'Read me'!$B$23+$S14*'Read me'!$B$24+$T14*'Read me'!$B$25) -> 43 | V14: =IF($A14="","",IFERROR(100-(($U14-'Read me'!$B$26)/('Read me'!$B$26*4)*100),"")) -> 5.5555556 | W14: =IF($A14="","",IF(AND($P14>='Read me'!$B$29,$V14>='Read me'!$B$30),"Build first",IF(AND($P14>='Read me'!$B$29,$V14<'Read me'!$B$30),"Sequence later",IF(AND($P14<'Read me'!$B$29,$V14>='Read me'!$B$30),"Fill capacity","Decline")))) -> Decline | X14: =IF($A14="","",IFERROR(($P14*'Read me'!$B$31+$V14*'Read me'!$B$32)/('Read me'!$B$31+'Read me'!$B$32),"")) -> 26.319444 | Y14: =IF($A14="","",SUMPRODUCT(ISNUMBER($X$5:$X$14)*($X$5:$X$14>$X14))+1) -> 10

Sheet Scoring guide
A1: Scoring guide
A2: What each number means, so two people scoring the same use case land in the
A3: same place. Print this and put it on the wall during ideation.
A5: THE FIVE GATES - answered Y or N
A6: Gate | B6: The question | C6: What a Y looks like | D6: What an N looks like
A7: 1. High volume | B7: Does this happen often enough for the payback to arrive? | C7: PASS: the team can state a weekly or monthly count, and it is material. | D7: FAIL: a handful of times a year, or nobody can put a number on it.
A8: 2. Documented process | B8: Is there a process to automate, or only a habit? | C8: PASS: an SOP, checklist, decision tree or screen recording exists today. | D8: FAIL: it lives in one person's head, or two people describe it differently.
A9: 3. Owners in place | B9: Is there someone to accept the output and someone to open the doors? | C9: PASS: a named business owner and a named technical owner, both with time. | D9: FAIL: an interested executive and nobody accountable underneath.
A10: 4. System & knowledge context | B10: Can the agent reach what it must read to be right? | C10: PASS: the systems, documents and definitions are identified and reachable. | D10: FAIL: the context is in people's heads, old decks or a system nobody can open.
A11: 5. Measurable impact | B11: Will anyone be able to prove it worked? | C11: PASS: a metric that already exists and is already reported. | D11: FAIL: a new metric would have to be invented to show the benefit.
A14: VALUE INPUTS - scored 1 to 5, where 5 is best
A15: Input | C15: 1 | D15: 2 | E15: 3 | F15: 4 | G15: 5
A16: Hours or cost released each year | C16: Under 100 hours | D16: 100-500 hours | E16: 500-2,000 hours | F16: 2,000-10,000 hours | G16: Over 10,000 hours or a named cost line
A17: Volume of the process | C17: A few times a year | D17: Monthly | E17: Weekly | F17: Daily | G17: Hundreds of times a day
A18: Strategic pull from the executive buyer | C18: They have not mentioned it | D18: They agree it matters | E18: It is on their roadmap | F18: It is one of their top three | G18: It is what they were hired to fix
A19: Quality or risk upside | C19: None beyond speed | D19: Fewer small errors | E19: Measurably better consistency | F19: Removes a known compliance risk | G19: Removes a risk that has already cost money
A22: EFFORT INPUTS - scored 1 to 5, where 5 is hardest
A23: Input | C23: 1 | D23: 2 | E23: 3 | F23: 4 | G23: 5
A24: Process documentation maturity | C24: Current SOP, followed as written | D24: Written down but out of date | E24: Partly written, partly folklore | F24: One person knows it | G24: Nobody agrees what the process is
A25: System access and integration count | C25: One system, access already granted | D25: Two systems, standard connectors | E25: Three or four systems, one custom | F25: Five or more, or one legacy system | G25: Access requires a security review with no owner
A26: Knowledge and data readiness | C26: Clean, current, in one place | D26: Clean but spread across two places | E26: Needs light cleanup | F26: Scattered and inconsistent | G26: Does not exist in retrievable form
A27: Owner availability | C27: Dedicated time booked | D27: A few hours a week | E27: Willing but overloaded | F27: Interested, no time | G27: No owner identified
A30: Anchors are deliberately concrete. "High volume" is an argument; "between 500 and 2,000 hours a year" is a score two people can agree on.
